JOURNAL,full.name,previous.name,JCRrank,JCRyear
Am J Respir Cell Mol Biol,AMERICAN JOURNAL OF RESPIRATORY CELL AND MOLECULAR BIOLOGY,,1,2018
Inflamm Bowel Dis,INFLAMMATORY BOWEL DISEASES,,2,2018
Mol Vis,MOLECULAR VISION,,2,2018
Nat Genet,NATURE GENETICS,,1,2018
Hum Mol Genet,HUMAN MOLECULAR GENETICS,,1,2018
BMC Cardiovasc Disord,BMC Cardiovascular Disorders,,3,2018
Am J Hum Genet,AMERICAN JOURNAL OF HUMAN GENETICS,,1,2018
PLoS One,PLoS One,,2,2018
Genet Epidemiol,GENETIC EPIDEMIOLOGY,,1,2018
PLoS Genet,PLoS Genetics,,1,2018
BMC Med Genet,BMC Medical Genetics,,3,2018
Am J Psychiatry,AMERICAN JOURNAL OF PSYCHIATRY,,1,2018
J Psychiatr Res,JOURNAL OF PSYCHIATRIC RESEARCH,,2,2018
Nature,NATURE,,1,2018
Eur Heart J,EUROPEAN HEART JOURNAL,,1,2018
J Bone Miner Res,JOURNAL OF BONE AND MINERAL RESEARCH,,1,2018
Kidney Int,KIDNEY INTERNATIONAL,,1,2018
Breast Cancer Res Treat,BREAST CANCER RESEARCH AND TREATMENT,,2,2018
Neoplasia,NEOPLASIA,,2,2018
Arthritis Rheum,Arthritis & Rheumatology,,1,2018
Diabetes,DIABETES,,1,2018
BMC Med Genomics,BMC Medical Genomics,,3,2018
Int J Cancer,INTERNATIONAL JOURNAL OF CANCER,,1,2018
Blood,BLOOD,,1,2018
Pharmacogenet Genomics,Pharmacogenetics and Genomics,,2,2018
J Hepatol,JOURNAL OF HEPATOLOGY,,1,2018
Hepatology,HEPATOLOGY,,1,2018
Mol Psychiatry,MOLECULAR PSYCHIATRY,,1,2018
J Med Genet,JOURNAL OF MEDICAL GENETICS,,1,2018
Mol Med,MOLECULAR MEDICINE,,2,2018
Biol Psychiatry,BIOLOGICAL PSYCHIATRY,,1,2018
Neuron,NEURON,,1,2018
Genome Res,GENOME RESEARCH,,1,2018
J Invest Dermatol,JOURNAL OF INVESTIGATIVE DERMATOLOGY,,1,2018
Circulation,CIRCULATION,,1,2018
Pharmacogenomics J,PHARMACOGENOMICS JOURNAL,,2,2018
Int J Obes (Lond),INTERNATIONAL JOURNAL OF OBESITY,,1,2018
Cancer Res,CANCER RESEARCH,,1,2018
Ophthalmology,OPHTHALMOLOGY,,1,2018
J Korean Med Sci,JOURNAL OF KOREAN MEDICAL SCIENCE,,2,2018
N Engl J Med,NEW ENGLAND JOURNAL OF MEDICINE,,1,2018
J Allergy Clin Immunol,JOURNAL OF ALLERGY AND CLINICAL IMMUNOLOGY,,1,2018
Lancet Neurol,LANCET NEUROLOGY,,1,2018
J Lipid Res,JOURNAL OF LIPID RESEARCH,,1,2018
Circ J,CIRCULATION JOURNAL,,2,2018
Front Genet,Frontiers in Genetics,,2,2018
Lancet,LANCET,,1,2018
Kidney Int Suppl,Kidney International Supplements,,1,2018
JAMA Psychiatry,JAMA Psychiatry,,1,2018
Cancer Prev Res (Phila),Cancer Prevention Research,,2,2018
Gastroenterology,GASTROENTEROLOGY,,1,2018
Obstet Gynecol,OBSTETRICS AND GYNECOLOGY,,1,2018
Neurodegener Dis,Neurodegenerative Diseases,,2,2018
BMC Genet,BMC GENETICS,,3,2018
J Clin Psychiatry,JOURNAL OF CLINICAL PSYCHIATRY,,1,2018
J Alzheimers Dis,JOURNAL OF ALZHEIMERS DISEASE,,2,2018
Obesity (Silver Spring),Obesity,,1,2018
J Infect Dis,JOURNAL OF INFECTIOUS DISEASES,,1,2018
Arthritis Res Ther,ARTHRITIS RESEARCH & THERAPY,,2,2018
Transl Psychiatry,Translational Psychiatry,,1,2018
Transl Res,Translational Research,,1,2018
Atherosclerosis,ATHEROSCLEROSIS,,1,2018
Diabet Med,DIABETIC MEDICINE,,2,2018
J Am Acad Child Adolesc Psychiatry,JOURNAL OF THE AMERICAN ACADEMY OF CHILD AND ADOLESCENT PSYCHIATRY,,1,2018
Psychopharmacology (Berl),PSYCHOPHARMACOLOGY,,2,2018
Hum Hered,HUMAN HEREDITY,,4,2018
Am J Respir Crit Care Med,AMERICAN JOURNAL OF RESPIRATORY AND CRITICAL CARE MEDICINE,,1,2018
Eur J Hum Genet,EUROPEAN JOURNAL OF HUMAN GENETICS,,2,2018
Ann Hum Genet,ANNALS OF HUMAN GENETICS,,4,2018
Behav Genet,BEHAVIOR GENETICS,,3,2018
J Hum Genet,JOURNAL OF HUMAN GENETICS,,2,2018
Neurology,NEUROLOGY,,1,2018
Clin Exp Allergy,CLINICAL AND EXPERIMENTAL ALLERGY,,1,2018
J Neuroimmunol,JOURNAL OF NEUROIMMUNOLOGY,,3,2018
BMC Genomics,BMC GENOMICS,,2,2018
Breast Cancer Res,BREAST CANCER RESEARCH,,1,2018
Cancer Epidemiol Biomarkers Prev,CANCER EPIDEMIOLOGY BIOMARKERS & PREVENTION,,1,2018
Hum Genet,HUMAN GENETICS,,1,2018
Addiction,ADDICTION,,1,2018
Diabetologia,DIABETOLOGIA,,1,2018
Clin Cancer Res,CLINICAL CANCER RESEARCH,,1,2018
Neuropsychobiology,NEUROPSYCHOBIOLOGY,,3,2018
Brain Imaging Behav,Brain Imaging and Behavior,,2,2018
Ann Neurol,ANNALS OF NEUROLOGY,,1,2018
J Dent Res,JOURNAL OF DENTAL RESEARCH,,1,2018
Hypertension,HYPERTENSION,,1,2018
Cancer Lett,CANCER LETTERS,,1,2018
Invest Ophthalmol Vis Sci,INVESTIGATIVE OPHTHALMOLOGY & VISUAL SCIENCE,,1,2018
Arterioscler Thromb Vasc Biol,ARTERIOSCLEROSIS THROMBOSIS AND VASCULAR BIOLOGY,,1,2018
Heart Rhythm,HEART RHYTHM,,1,2018
Cereb Cortex,CEREBRAL CORTEX,,1,2018
Hum Reprod,HUMAN REPRODUCTION,,1,2018
Med Sci Sports Exerc,MEDICINE AND SCIENCE IN SPORTS AND EXERCISE,,1,2018
Genome Med,Genome Medicine,,1,2018
Inflammation,INFLAMMATION,,3,2018
J Clin Oncol,JOURNAL OF CLINICAL ONCOLOGY,,1,2018
J Am Med Inform Assoc,JOURNAL OF THE AMERICAN MEDICAL INFORMATICS ASSOCIATION,,1,2018
Yonsei Med J,YONSEI MEDICAL JOURNAL,,2,2018
Stroke,STROKE,,1,2018
J Thromb Haemost,JOURNAL OF THROMBOSIS AND HAEMOSTASIS,,1,2018
J Sleep Res,JOURNAL OF SLEEP RESEARCH,,2,2018
Twin Res Hum Genet,Twin Research and Human Genetics,,4,2018
Neurogenetics,NEUROGENETICS,,2,2018
Schizophr Res,SCHIZOPHRENIA RESEARCH,,1,2018
J Nutr,JOURNAL OF NUTRITION,,1,2018
Neuropsychopharmacology,NEUROPSYCHOPHARMACOLOGY,,1,2018
Genes Brain Behav,GENES BRAIN AND BEHAVIOR,,1,2018
Am J Clin Nutr,AMERICAN JOURNAL OF CLINICAL NUTRITION,,1,2018
Nat Commun,Nature Communications,,1,2018
Gut,GUT,,1,2018
J Urol,JOURNAL OF UROLOGY,,1,2018
Cytokine,CYTOKINE,,2,2018
J Am Soc Nephrol,JOURNAL OF THE AMERICAN SOCIETY OF NEPHROLOGY,,1,2018
J Steroid Biochem Mol Biol,JOURNAL OF STEROID BIOCHEMISTRY AND MOLECULAR BIOLOGY,,2,2018
J Thorac Oncol,Journal of Thoracic Oncology,,1,2018
Carcinogenesis,CARCINOGENESIS,,2,2018
Croat Med J,CROATIAN MEDICAL JOURNAL,,2,2018
Autism Res,Autism Research,,1,2018
J Affect Disord,JOURNAL OF AFFECTIVE DISORDERS,,1,2018
Clin Infect Dis,CLINICAL INFECTIOUS DISEASES,,1,2018
Aging Cell,AGING CELL,,1,2018
Eur Respir J,EUROPEAN RESPIRATORY JOURNAL,,1,2018
Schizophr Bull,SCHIZOPHRENIA BULLETIN,,1,2018
J Clin Endocrinol Metab,JOURNAL OF CLINICAL ENDOCRINOLOGY & METABOLISM,,1,2018
Sci Transl Med,Science Translational Medicine,,1,2018
Clin Pharmacol Ther,CLINICAL PHARMACOLOGY & THERAPEUTICS,,1,2018
Ann N Y Acad Sci,Annals of the New York Academy of Sciences,,1,2018
Psychoneuroendocrinology,PSYCHONEUROENDOCRINOLOGY,,1,2018
J Appl Physiol (1985),JOURNAL OF APPLIED PHYSIOLOGY,,1,2018
Leuk Res,LEUKEMIA RESEARCH,,3,2018
J Gen Virol,JOURNAL OF GENERAL VIROLOGY,,2,2018
BMC Neurol,BMC Neurology,,3,2018
Psychiatry Investig,Psychiatry Investigation,,4,2018
Caries Res,CARIES RESEARCH,,1,2018
Circ Res,CIRCULATION RESEARCH,,1,2018
World J Biol Psychiatry,WORLD JOURNAL OF BIOLOGICAL PSYCHIATRY,,1,2018
Pediatr Hematol Oncol,PEDIATRIC HEMATOLOGY AND ONCOLOGY,,4,2018
Toxicol Sci,TOXICOLOGICAL SCIENCES,,1,2018
Cancer Biol Ther,CANCER BIOLOGY & THERAPY,,3,2018
Rheumatology (Oxford),RHEUMATOLOGY,,1,2018
Pharmacogenomics,PHARMACOGENOMICS,,3,2018
Mov Disord,MOVEMENT DISORDERS,,1,2018
Ann Rheum Dis,ANNALS OF THE RHEUMATIC DISEASES,,1,2018
AIDS,AIDS,,1,2018
Psychiatr Genet,PSYCHIATRIC GENETICS,,4,2018
Neurobiol Aging,NEUROBIOLOGY OF AGING,,1,2018
Brain,BRAIN,,1,2018
Nephrol Dial Transplant,NEPHROLOGY DIALYSIS TRANSPLANTATION,,1,2018
Neurobiol Dis,NEUROBIOLOGY OF DISEASE,,1,2018
J Neural Transm (Vienna),JOURNAL OF NEURAL TRANSMISSION,,2,2018
Lancet Oncol,LANCET ONCOLOGY,,1,2018
Nutrients,Nutrients,,1,2018
Int J Radiat Oncol Biol Phys,INTERNATIONAL JOURNAL OF RADIATION ONCOLOGY BIOLOGY PHYSICS,,1,2018
Hum Mutat,HUMAN MUTATION,,1,2018
Biol Psychol,BIOLOGICAL PSYCHOLOGY,,2,2018
Genes Immun,GENES AND IMMUNITY,,2,2018
J Biol Chem,JOURNAL OF BIOLOGICAL CHEMISTRY,,2,2018
J Mol Neurosci,JOURNAL OF MOLECULAR NEUROSCIENCE,,3,2018
Mol Endocrinol,MOLECULAR ENDOCRINOLOGY,,2,2018
Nutr Metab Cardiovasc Dis,NUTRITION METABOLISM AND CARDIOVASCULAR DISEASES,,2,2018
Aging (Albany NY),Aging-US,,1,2018
Age (Dordr),AGE,,1,2018
Hypertens Res,HYPERTENSION RESEARCH,,2,2018
Mech Ageing Dev,MECHANISMS OF AGEING AND DEVELOPMENT,,2,2018
Drug Alcohol Depend,DRUG AND ALCOHOL DEPENDENCE,,1,2018
Br J Haematol,BRITISH JOURNAL OF HAEMATOLOGY,,1,2018
Lupus,LUPUS,,3,2018
BMC Oral Health,BMC Oral Health,,2,2018
Cancer Sci,CANCER SCIENCE,,1,2018
Addict Biol,ADDICTION BIOLOGY,,1,2018
Oral Oncol,ORAL ONCOLOGY,,1,2018
Thorax,THORAX,,1,2018
Psychol Med,PSYCHOLOGICAL MEDICINE,,1,2018
Orphanet J Rare Dis,Orphanet Journal of Rare Diseases,,2,2018
FASEB J,FASEB JOURNAL,,1,2018
Int J Immunogenet,International Journal of Immunogenetics,,4,2018
Ann Intern Med,ANNALS OF INTERNAL MEDICINE,,1,2018
Alzheimers Dement,Alzheimers & Dementia,,1,2018
Bone,BONE,,1,2018
Rejuvenation Res,REJUVENATION RESEARCH,,1,2018
Curr Biol,CURRENT BIOLOGY,,1,2018
Clin Oral Investig,Clinical Oral Investigations,,1,2018
J Thromb Thrombolysis,JOURNAL OF THROMBOSIS AND THROMBOLYSIS,,2,2018
J Clin Invest,JOURNAL OF CLINICAL INVESTIGATION,,1,2018
J Clin Periodontol,JOURNAL OF CLINICAL PERIODONTOLOGY,,1,2018
J Viral Hepat,JOURNAL OF VIRAL HEPATITIS,,1,2018
Haematologica,HAEMATOLOGICA,,1,2018
Clin Transplant,CLINICAL TRANSPLANTATION,,3,2018
Front Aging Neurosci,Frontiers in Aging Neuroscience,,2,2018
Br J Ophthalmol,BRITISH JOURNAL OF OPHTHALMOLOGY,,1,2018
Geroscience,GeroScience,,1,2018
Sci Adv,Science Advances,,1,2018
JAMA Ophthalmol,JAMA Ophthalmology,,1,2018
Lancet Respir Med,Lancet Respiratory Medicine,,1,2018
Elife,eLife,,1,2018
Sci Rep,Scientific Reports,,1,2018
BMC Med,BMC Medicine,,1,2018
Mil Med,MILITARY MEDICINE,,4,2018
J Genet,JOURNAL OF GENETICS,,4,2018
Liver Int,LIVER INTERNATIONAL,,1,2018
Ann Transl Med,Annals of Translational Medicine,,2,2018
Am J Nephrol,AMERICAN JOURNAL OF NEPHROLOGY,,1,2018
Comput Math Methods Med,Computational and Mathematical Methods in Medicine,,3,2018
Mol Genet Genomics,MOLECULAR GENETICS AND GENOMICS,,2,2018
Eur J Gastroenterol Hepatol,EUROPEAN JOURNAL OF GASTROENTEROLOGY & HEPATOLOGY,,3,2018
Eur J Med Genet,European Journal of Medical Genetics,,3,2018
Front Microbiol,Frontiers in Microbiology,,1,2018
Am J Epidemiol,AMERICAN JOURNAL OF EPIDEMIOLOGY,,1,2018
Clin Exp Nephrol,Clinical and Experimental Nephrology,,3,2018
Mol Genet Genomic Med,Molecular Genetics & Genomic Medicine,,3,2018
Cortex,CORTEX,,1,2018
Nicotine Tob Res,NICOTINE & TOBACCO RESEARCH,,1,2018
Cancer Med,Cancer Medicine,,2,2018
Sleep Med,SLEEP MEDICINE,,2,2018
Hum Brain Mapp,HUMAN BRAIN MAPPING,,1,2018
J Clin Lipidol,Journal of Clinical Lipidology,,2,2018
Mediators Inflamm,MEDIATORS OF INFLAMMATION,,2,2018
Neurotox Res,NEUROTOXICITY RESEARCH,,2,2018
Int Arch Occup Environ Health,INTERNATIONAL ARCHIVES OF OCCUPATIONAL AND ENVIRONMENTAL HEALTH,,2,2018
Sleep,SLEEP,,1,2018
J Autoimmun,JOURNAL OF AUTOIMMUNITY,,1,2018
Transplantation,TRANSPLANTATION,,1,2018
Leukemia,LEUKEMIA,,1,2018
Environ Health Perspect,ENVIRONMENTAL HEALTH PERSPECTIVES,,1,2018
Int J Epidemiol,INTERNATIONAL JOURNAL OF EPIDEMIOLOGY,,1,2018
Alzheimers Res Ther,Alzheimers Research & Therapy,,1,2018
Hum Genomics,Human Genomics,,3,2018
Mol Autism,Molecular Autism,,1,2018
Int J Med Sci,International Journal of Medical Sciences,,2,2018
Fertil Steril,FERTILITY AND STERILITY,,1,2018
Nat Hum Behav,Nature Human Behaviour,,1,2018
Nat Neurosci,NATURE NEUROSCIENCE,,1,2018
J Clin Med,Journal of Clinical Medicine,,1,2018
Am J Cardiol,AMERICAN JOURNAL OF CARDIOLOGY,,2,2018
Lung Cancer,LUNG CANCER,,1,2018
Int J Neuropsychopharmacol,INTERNATIONAL JOURNAL OF NEUROPSYCHOPHARMACOLOGY,,1,2018
Maturitas,MATURITAS,,1,2018
Oral Dis,ORAL DISEASES,,1,2018
Immunogenetics,IMMUNOGENETICS,,3,2018
Anesthesiology,ANESTHESIOLOGY,,1,2018
Prostaglandins Leukot Essent Fatty Acids,PROSTAGLANDINS LEUKOTRIENES AND ESSENTIAL FATTY ACIDS,,3,2018
J Speech Lang Hear Res,JOURNAL OF SPEECH LANGUAGE AND HEARING RESEARCH,,2,2018
Depress Anxiety,DEPRESSION AND ANXIETY,,1,2018
J Transl Med,Journal of Translational Medicine,,2,2018
J Gastroenterol Hepatol,JOURNAL OF GASTROENTEROLOGY AND HEPATOLOGY,,2,2018
Br J Dermatol,BRITISH JOURNAL OF DERMATOLOGY,,1,2018
Mayo Clin Proc,MAYO CLINIC PROCEEDINGS,,1,2018
Muscle Nerve,MUSCLE & NERVE,,3,2018
J Atheroscler Thromb,Journal of Atherosclerosis and Thrombosis,,2,2018
Viral Immunol,VIRAL IMMUNOLOGY,,4,2018
Mol Biol (Mosk),MOLECULAR BIOLOGY,,4,2018
Parkinsonism Relat Disord,PARKINSONISM & RELATED DISORDERS,,1,2018
Exp Mol Med,EXPERIMENTAL AND MOLECULAR MEDICINE,,1,2018
Int J Eat Disord,INTERNATIONAL JOURNAL OF EATING DISORDERS,,1,2018
Chin Med J (Engl),CHINESE MEDICAL JOURNAL,,3,2018
Am J Hematol,AMERICAN JOURNAL OF HEMATOLOGY,,1,2018
Cell Metab,Cell Metabolism,,1,2018
Mol Pain,Molecular Pain,,3,2018
Am J Hypertens,AMERICAN JOURNAL OF HYPERTENSION,,2,2018
Mol Biol Rep,MOLECULAR BIOLOGY REPORTS,,3,2018
J Neurovirol,JOURNAL OF NEUROVIROLOGY,,3,2018
Am Heart J,AMERICAN HEART JOURNAL,,2,2018
Pancreatology,PANCREATOLOGY,,2,2018
Psychophysiology,PSYCHOPHYSIOLOGY,,1,2018
Arthritis Rheumatol,Arthritis & Rheumatology,,1,2018
Chem Senses,CHEMICAL SENSES,,2,2018
Genomics,GENOMICS,,2,2018
PLoS Pathog,PLoS Pathogens,,1,2018
JAMA Neurol,JAMA Neurology,,1,2018
Radiother Oncol,RADIOTHERAPY AND ONCOLOGY,,1,2018
Front Public Health,Frontiers in Public Health,,2,2018
J Occup Health,JOURNAL OF OCCUPATIONAL HEALTH,,3,2018
Mitochondrion,MITOCHONDRION,,2,2018
Respir Res,RESPIRATORY RESEARCH,,2,2018
Pain,PAIN,,1,2018
J Vasc Surg,JOURNAL OF VASCULAR SURGERY,,1,2018
Int J Cardiol,INTERNATIONAL JOURNAL OF CARDIOLOGY,,2,2018
Diabetes Care,DIABETES CARE,,1,2018
Exp Clin Psychopharmacol,EXPERIMENTAL AND CLINICAL PSYCHOPHARMACOLOGY,,3,2018
Burns,BURNS,,2,2018
Am J Perinatol,AMERICAN JOURNAL OF PERINATOLOGY,,3,2018
Pediatr Cardiol,PEDIATRIC CARDIOLOGY,,3,2018
BMC Pulm Med,BMC Pulmonary Medicine,,3,2018
J Genet Genomics,Journal of Genetics and Genomics,,1,2018
Acta Neuropathol,ACTA NEUROPATHOLOGICA,,1,2018
J Crohns Colitis,Journal of Crohns & Colitis,,1,2018
Int J Mol Sci,INTERNATIONAL JOURNAL OF MOLECULAR SCIENCES,,2,2018
Acta Ophthalmol,ACTA OPHTHALMOLOGICA,,1,2018
J Expo Sci Environ Epidemiol,Journal of Exposure Science and Environmental Epidemiology,,1,2018
Mol Genet Metab Rep,Molecular Genetics and Metabolism Reports,,3,2018
J Endocrinol Invest,JOURNAL OF ENDOCRINOLOGICAL INVESTIGATION,,2,2018
EBioMedicine,EBioMedicine,,1,2018
Eur J Endocrinol,EUROPEAN JOURNAL OF ENDOCRINOLOGY,,1,2018
Biomolecules,Biomolecules,,1,2018
Genes Nutr,Genes and Nutrition,,2,2018
J Sex Med,Journal of Sexual Medicine,,1,2018
J Periodontal Res,JOURNAL OF PERIODONTAL RESEARCH,,1,2018
Medicine (Baltimore),MEDICINE,,2,2018
Front Psychiatry,Frontiers in Psychiatry,,2,2018
JAMA Dermatol,JAMA Dermatology,,1,2018
J Interferon Cytokine Res,JOURNAL OF INTERFERON AND CYTOKINE RESEARCH,,4,2018
Brain Behav,Brain and Behavior,,3,2018
Environ Int,ENVIRONMENT INTERNATIONAL,,1,2018
Ann Allergy Asthma Immunol,ANNALS OF ALLERGY ASTHMA & IMMUNOLOGY,,2,2018
Thromb Haemost,THROMBOSIS AND HAEMOSTASIS,,1,2018
Br J Psychiatry,BRITISH JOURNAL OF PSYCHIATRY,,1,2018
PeerJ,PeerJ,,2,2018
Ophthalmic Genet,OPHTHALMIC GENETICS,,4,2018
Genetics,GENETICS,,2,2018
Melanoma Res,MELANOMA RESEARCH,,2,2018
NPJ Genom Med,npj Genomic Medicine,,1,2018
Curr Alzheimer Res,Current Alzheimer Research,,2,2018
Bioinformatics,BIOINFORMATICS,,1,2018
Can J Surg,CANADIAN JOURNAL OF SURGERY,,2,2018
Allergol Int,ALLERGOLOGY INTERNATIONAL,,2,2018
Metab Syndr Relat Disord,Metabolic Syndrome and Related Disorders,,4,2018
Blood Press,BLOOD PRESSURE,,3,2018
Microbiome,Microbiome,,1,2018
JCI Insight,JCI Insight,,1,2018
Respir Med,RESPIRATORY MEDICINE,,2,2018
Nat Med,NATURE MEDICINE,,1,2018
Int J Sports Physiol Perform,International Journal of Sports Physiology and Performance,,1,2018
Eur Neuropsychopharmacol,EUROPEAN NEUROPSYCHOPHARMACOLOGY,,1,2018
Biol Pharm Bull,BIOLOGICAL & PHARMACEUTICAL BULLETIN,,4,2018
J Dermatol Sci,JOURNAL OF DERMATOLOGICAL SCIENCE,,1,2018
Mutagenesis,MUTAGENESIS,,2,2018
Eur Urol,EUROPEAN UROLOGY,,1,2018
Mol Neurodegener,Molecular Neurodegeneration,,1,2018
Front Neurol,Frontiers in Neurology,,2,2018
Allergy Asthma Immunol Res,Allergy Asthma & Immunology Research,,1,2018
Thyroid,THYROID,,1,2018
Clin Orthop Relat Res,CLINICAL ORTHOPAEDICS AND RELATED RESEARCH,,1,2018
Med Sci Monit,MEDICAL SCIENCE MONITOR,,3,2018
Clin Genet,CLINICAL GENETICS,,1,2018
Br J Cancer,BRITISH JOURNAL OF CANCER,,1,2018
J Eur Acad Dermatol Venereol,JOURNAL OF THE EUROPEAN ACADEMY OF DERMATOLOGY AND VENEREOLOGY,,1,2018
Genome Biol Evol,Genome Biology and Evolution,,2,2018
Gynecol Oncol,GYNECOLOGIC ONCOLOGY,,1,2018
J Adv Res,Journal of Advanced Research,,1,2018
Ann Dermatol,Annals of Dermatology,,3,2018
Clin Chim Acta,CLINICA CHIMICA ACTA,,1,2018
Balkan J Med Genet,Balkan Journal of Medical Genetics,,4,2018
Front Hum Neurosci,Frontiers in Human Neuroscience,,2,2018
Biomed Environ Sci,BIOMEDICAL AND ENVIRONMENTAL SCIENCES,,3,2018
Antivir Ther,ANTIVIRAL THERAPY,,3,2018
Eur J Drug Metab Pharmacokinet,EUROPEAN JOURNAL OF DRUG METABOLISM AND PHARMACOKINETICS,,4,2018
Br J Clin Pharmacol,BRITISH JOURNAL OF CLINICAL PHARMACOLOGY,,1,2018
Cancer Epidemiol,Cancer Epidemiology,,2,2018
Prostate,PROSTATE,,2,2018
J Korean Neurosurg Soc,Journal of Korean Neurosurgical Society,,3,2018
Biogerontology,BIOGERONTOLOGY,,2,2018
Can Respir J,Canadian Respiratory Journal,,4,2018
Scand J Gastroenterol,SCANDINAVIAN JOURNAL OF GASTROENTEROLOGY,,4,2018
Exp Eye Res,EXPERIMENTAL EYE RESEARCH,,1,2018
Alzheimers Dement (Amst),Alzheimers & Dementia,,1,2018
Brain Lang,BRAIN AND LANGUAGE,,1,2018
Calcif Tissue Int,CALCIFIED TISSUE INTERNATIONAL,,2,2018
Transfusion,TRANSFUSION,,2,2018
Int J Genomics,International Journal of Genomics,,3,2018
J Rheumatol,JOURNAL OF RHEUMATOLOGY,,2,2018
J Cereb Blood Flow Metab,JOURNAL OF CEREBRAL BLOOD FLOW AND METABOLISM,,1,2018
Blood Cells Mol Dis,BLOOD CELLS MOLECULES AND DISEASES,,3,2018
Pain Res Manag,Pain Research & Management,,4,2018
Mol Nutr Food Res,MOLECULAR NUTRITION & FOOD RESEARCH,,1,2018
Front Mol Neurosci,Frontiers in Molecular Neuroscience,,2,2018
Eur J Cancer Prev,EUROPEAN JOURNAL OF CANCER PREVENTION,,3,2018
J Antimicrob Chemother,JOURNAL OF ANTIMICROBIAL CHEMOTHERAPY,,1,2018
Int J Rheum Dis,International Journal of Rheumatic Diseases,,4,2018
Environ Health,Environmental Health,,1,2018
PLoS Med,PLOS MEDICINE,,1,2018
Bone Marrow Transplant,BONE MARROW TRANSPLANTATION,,1,2018
J Orthop Res,JOURNAL OF ORTHOPAEDIC RESEARCH,,1,2018
Am J Transplant,AMERICAN JOURNAL OF TRANSPLANTATION,,1,2018
Turk J Pediatr,TURKISH JOURNAL OF PEDIATRICS,,4,2018
J Mol Cell Cardiol,JOURNAL OF MOLECULAR AND CELLULAR CARDIOLOGY,,1,2018
Diabetes Res Clin Pract,DIABETES RESEARCH AND CLINICAL PRACTICE,,2,2018
Lancet Psychiatry,Lancet Psychiatry,,1,2018
Int J Paediatr Dent,International Journal of Paediatric Dentistry,,2,2018
Lancet Infect Dis,LANCET INFECTIOUS DISEASES,,1,2018
Cephalalgia,CEPHALALGIA,,1,2018
Allergy,ALLERGY,,1,2018
Br J Sports Med,BRITISH JOURNAL OF SPORTS MEDICINE,,1,2018
J Am Heart Assoc,Journal of the American Heart Association,,1,2018
Gut Liver,Gut and Liver,,3,2018
Eur J Obstet Gynecol Reprod Biol,European Journal of Obstetrics & Gynecology and Reproductive Biology,,3,2018
J Neurol Neurosurg Psychiatry,JOURNAL OF NEUROLOGY NEUROSURGERY AND PSYCHIATRY,,1,2018
J Gastroenterol,JOURNAL OF GASTROENTEROLOGY,,1,2018
Clin Gastroenterol Hepatol,Clinical Gastroenterology and Hepatology,,1,2018
Physiol Genomics,PHYSIOLOGICAL GENOMICS,,2,2018
Reprod Sci,Reproductive Sciences,,2,2018
Front Immunol,Frontiers in Immunology,,2,2018
Genome Biol,GENOME BIOLOGY,,1,2018
Int Clin Psychopharmacol,INTERNATIONAL CLINICAL PSYCHOPHARMACOLOGY,,3,2018
Int J Psychophysiol,INTERNATIONAL JOURNAL OF PSYCHOPHYSIOLOGY,,2,2018
Pediatr Res,PEDIATRIC RESEARCH,,1,2018
J Mol Med (Berl),JOURNAL OF MOLECULAR MEDICINE-JMM,,1,2018
Cell Syst,Cell Systems,,1,2018
BMJ Open,BMJ Open,,2,2018
Brain Behav Immun,BRAIN BEHAVIOR AND IMMUNITY,,1,2018
Exp Dermatol,EXPERIMENTAL DERMATOLOGY,,2,2018
Biomark Med,Biomarkers in Medicine,,3,2018
Mol Neurobiol,MOLECULAR NEUROBIOLOGY,,1,2018
J Shoulder Elbow Surg,JOURNAL OF SHOULDER AND ELBOW SURGERY,,1,2018
AIDS Res Hum Retroviruses,AIDS RESEARCH AND HUMAN RETROVIRUSES,,3,2018
Cancer Discov,Cancer Discovery,,1,2018
BMC Complement Altern Med,BMC Complementary and Alternative Medicine,,2,2018
Oncol Lett,Oncology Letters,,4,2018
Nutr Res Pract,Nutrition Research and Practice,,4,2018
High Alt Med Biol,HIGH ALTITUDE MEDICINE & BIOLOGY,,3,2018
Heredity (Edinb),HEREDITY,,2,2018
Ann Am Thorac Soc,Annals of the American Thoracic Society,,2,2018
Transfus Med Hemother,TRANSFUSION MEDICINE AND HEMOTHERAPY,,2,2018
Biol Sport,BIOLOGY OF SPORT,,2,2018
Acta Diabetol,ACTA DIABETOLOGICA,,3,2018
J Med Virol,JOURNAL OF MEDICAL VIROLOGY,,3,2018
BMC Cancer,BMC CANCER,,3,2018
Pediatrics,PEDIATRICS,,1,2018
Support Care Cancer,SUPPORTIVE CARE IN CANCER,,1,2018
Am J Gastroenterol,AMERICAN JOURNAL OF GASTROENTEROLOGY,,1,2018
Int Arch Allergy Immunol,INTERNATIONAL ARCHIVES OF ALLERGY AND IMMUNOLOGY,,3,2018
Arthritis Care Res (Hoboken),ARTHRITIS CARE & RESEARCH,,1,2018
Epilepsy Res,EPILEPSY RESEARCH,,3,2018
Neurogastroenterol Motil,NEUROGASTROENTEROLOGY AND MOTILITY,,1,2018
Pigment Cell Melanoma Res,Pigment Cell & Melanoma Research,,1,2018
Eur Psychiatry,EUROPEAN PSYCHIATRY,,1,2018
Osteoporos Int,OSTEOPOROSIS INTERNATIONAL,,2,2018
Mol Brain,Molecular Brain,,2,2018
Ann Surg,ANNALS OF SURGERY,,1,2018
Exp Biol Med (Maywood),EXPERIMENTAL BIOLOGY AND MEDICINE,,2,2018
J Pediatr Orthop,JOURNAL OF PEDIATRIC ORTHOPAEDICS,,2,2018
Exp Gerontol,EXPERIMENTAL GERONTOLOGY,,2,2018
Ann Clin Transl Neurol,Annals of Clinical and Translational Neurology,,1,2018
Biomed Res Int,Biomed Research International,,3,2018
J Nutrigenet Nutrigenomics,Journal of Nutrigenetics and Nutrigenomics,,3,2018
Lancet Diabetes Endocrinol,Lancet Diabetes & Endocrinology,,1,2018
J Headache Pain,JOURNAL OF HEADACHE AND PAIN,,1,2018
Psychother Psychosom,PSYCHOTHERAPY AND PSYCHOSOMATICS,,1,2018
Eur J Appl Physiol,EUROPEAN JOURNAL OF APPLIED PHYSIOLOGY,,1,2018
J Hypertens,JOURNAL OF HYPERTENSION,,1,2018
Eur J Haematol,EUROPEAN JOURNAL OF HAEMATOLOGY,,3,2018
J Am Coll Cardiol,JOURNAL OF THE AMERICAN COLLEGE OF CARDIOLOGY,,1,2018
Hematol Oncol,HEMATOLOGICAL ONCOLOGY,,2,2018
J Cachexia Sarcopenia Muscle,Journal of Cachexia Sarcopenia and Muscle,,1,2018
Immunol Res,IMMUNOLOGIC RESEARCH,,3,2018
J Bone Miner Metab,JOURNAL OF BONE AND MINERAL METABOLISM,,3,2018
Environ Res,ENVIRONMENTAL RESEARCH,,1,2018
J Psychopharmacol,JOURNAL OF PSYCHOPHARMACOLOGY,,1,2018
Open Forum Infect Dis,Open Forum Infectious Diseases,,2,2018
J Innate Immun,Journal of Innate Immunity,,2,2018
Eur J Pain,EUROPEAN JOURNAL OF PAIN,,2,2018
J Altern Complement Med,JOURNAL OF ALTERNATIVE AND COMPLEMENTARY MEDICINE,,2,2018
Respirology,RESPIROLOGY,,1,2018
Heart Surg Forum,HEART SURGERY FORUM,,4,2018
Chin J Integr Med,Chinese Journal of Integrative Medicine,,3,2018
Ann Surg Oncol,ANNALS OF SURGICAL ONCOLOGY,,1,2018
Pain Med,PAIN MEDICINE,,1,2018
Mol Med Rep,Molecular Medicine Reports,,3,2018
J Cell Mol Med,JOURNAL OF CELLULAR AND MOLECULAR MEDICINE,,1,2018
Exp Ther Med,Experimental and Therapeutic Medicine,,4,2018
Heart,HEART,,1,2018
Lipids Health Dis,Lipids in Health and Disease,,3,2018
Clin Exp Hypertens,CLINICAL AND EXPERIMENTAL HYPERTENSION,,4,2018
J Neurosci,JOURNAL OF NEUROSCIENCE,,1,2018
MBio,mBio,,1,2018
Clin Chem,CLINICAL CHEMISTRY,,1,2018
Brief Bioinform,BRIEFINGS IN BIOINFORMATICS,,1,2018
Front Endocrinol (Lausanne),Frontiers in Endocrinology,,2,2018
Placenta,PLACENTA,,1,2018
Schizophr Bull (Bp),SCHIZOPHRENIA BULLETIN,,1,2018
Cardiovasc Diabetol,Cardiovascular Diabetology,,1,2018
Biometrics,BIOMETRICS,,2,2018
Dig Dis Sci,DIGESTIVE DISEASES AND SCIENCES,,3,2018
Gynecol Obstet Invest,GYNECOLOGIC AND OBSTETRIC INVESTIGATION,,4,2018
Nagoya J Med Sci,Nagoya Journal of Medical Science,,4,2018
Int J Sports Med,INTERNATIONAL JOURNAL OF SPORTS MEDICINE,,2,2018
Environ Mol Mutagen,ENVIRONMENTAL AND MOLECULAR MUTAGENESIS,,2,2018
Genes Genomics,Genes & Genomics,,4,2018
Clin Nutr,CLINICAL NUTRITION,,1,2018
Antimicrob Agents Chemother,ANTIMICROBIAL AGENTS AND CHEMOTHERAPY,,1,2018
Platelets,PLATELETS,,2,2018
Med Chem,Medicinal Chemistry,,2,2018
Aust N Z J Psychiatry,AUSTRALIAN AND NEW ZEALAND JOURNAL OF PSYCHIATRY,,1,2018
Epilepsia,EPILEPSIA,,1,2018
Proc Natl Acad Sci U S A,PROCEEDINGS OF THE NATIONAL ACADEMY OF SCIENCES OF THE UNITED STATES OF AMERICA,,1,2018
Science,SCIENCE,,1,2018
Circ Cardiovasc Genet,CIRCULATION-CARDIOVASCULAR GENETICS,,1,2018
Am J Med Genet B Neuropsychiatr Genet,AMERICAN JOURNAL OF MEDICAL GENETICS PART B-NEUROPSYCHIATRIC GENETICS,,2,2018
JAMA,JOURNAL OF THE AMERICAN MEDICAL ASSOCIATION,,1,2018
Alcohol Clin Exp Res,ALCOHOLISM-CLINICAL AND EXPERIMENTAL RESEARCH,,2,2018
G3 (Bethesda),"G3: GENES, GENOMES, GENETICS",,2,2018
Vaccine,VACCINE,,2,2018
Gene,GENE,,2,2018
Cancer,CANCER,,1,2018
Cell,CELL,,1,2018
Commun Biol,COMMUNICATIONS BIOLOGY,,9,2018
J Oncol,JAMA ONCOLOGY,,1,2018
Genes (Basel),GENES,,2,2018
OMICS,OMICS: A JOURNAL OF INTEGRATIVE BIOLOGY,,2,2018
Metabolism,METABOLISM,,1,2018
Cell Physiol Biochem,CELLULAR PHYSIOLOGY AND BIOCHEMISTRY,,1,2018
Oncotarget,ONCOTARGET,,1,2018
Demography,DEMOGRAPHY,,1,2018
Clin Transl Sci,Cts-clinical And Translational Science,,2,2018
J Ophthalmol,Journal Of Ophthalmology,,3,2018
Arch Gen Psychiatry,Archives Of General Psychiatry,,1,2014
J Pediatr,Journal Of Pediatrics,,1,2018
J Androl,Journal Of Andrology,,2,2018
Autoimmune Dis,NA,,9,2018
Arch Neurol,Jama Neurologyeurology,Archives Of Neurology,1,2018
Endocr Relat Cancer,Endocrine-related Cancer,,1,2018
Arch Intern Med,Archives Of Internal Medicine,,1,2014
J Hand Surg Am,Journal Of Hand Surgery-american Volume,,2,2018
Neuroimage,Neuroimage,,1,2018
Prog Neuropsychopharmacol Biol Psychiatry,Progress in Neuro-Psychopharmacology and Biological Psychiatry,,1,2018
J Natl Cancer Inst,NA,,1,2018
J Gerontol A Biol Sci Med Sci,Journals Of Gerontology Series A-biological Sciences And Medical Sciences,,1,2018
Am J Med Genet A,American Journal Of Medical Genetics Part A,,3,2018
Mult Scler,Multiple Sclerosis Journal,,1,2018
Psychiatry Res,Psychiatry Research,,2,2018
Sci China Life Sci,Science In China Series C-life Sciences,,1,2018
Lifestyle Genom,Lifestyle Genomics,,4,2018
JBMR Plus,Journal Of Bone And Mineral Research,,1,2018
Papillomavirus Res,Papillomavirus Research,,9,2018
Neuroimage Clin,Neuroimage: Clinical,,1,2018
Hepatol Commun,Hepatology Communications,,9,2018
Blood Adv,Blood Advances,,9,2018
Mind Brain Educ,Mind Brain And Education,,1,2018
Neuro Oncol,Journal Of Neuro-oncology,,1,2018
Circ Genom Precis Med,Circulation: Genomic and Precision Medicine,,9,2018
Biomark Res,Biomarker Research,,9,2018
Mayo Clin Proc Innov Qual Outcomes,"Mayo Clinc Proceedings Innovations, Quality&",,9,2018
F1000Res,F1000 Research,,9,2018
J Obes,NA,,9,2018
ScientificWorldJournal,The Scientific World Journal,,1,2010
Genomics Inform,Genomics & Informatics,,9,2018
Child Dev,Child Development,,1,2018
Menopause,Menopause-the Journal Of The North American Menopause Society,,1,2018
BMC Proc,BMC Proceedings,,9,2018
Epilepsia Open,Journal Of the International League Against Epilepsy,,9,2018
Cell Rep,Cell Reports,,1,2018
Neurol Genet,Neurogy Genetics,,9,2018
JAMA Netw Open,NA,,9,2018
J Matern Fetal Neonatal Med,Journal Of Maternal-fetal & Neonatal Medicine,,3,2018
Eur Urol Oncol,European Urology Oncology,,9,2018
J Neuromuscul Dis,NA,,9,2018
Epidemiol Health,Epidemiology and Health,,9,2018
Circ Arrhythm Electrophysiol,Circulation-arrhythmia And Electrophysiology,,1,2018
Cancer Treat Res Commun,Cancer Treatment and Research Communications,,9,2018
J Diabetes Complications,Journal Of Diabetes And Its Complications,,3,2018
BMJ,The British Medical Journal,,1,2018
Neuropsychopharmacol Rep,Neuropsychopharmacology Reports,,9,2018
Am J Physiol Lung Cell Mol Physiol,American Journal Of Physiology-lung Cellular And Molecular Physiology,,1,2018
Expert Opin Drug Saf,Expert Opinion On Drug Safety,,2,2018
NPJ Breast Cancer,NPJ Breast Cancer,,9,2018
J Dermatol,Journal Of Dermatology,,1,2018
J Neurol Sci,Journal Of The Neurological Sciences,,2,2018
Glob Health Epidemiol Genom,"Global Health, Epidemiology and Genomics",,9,2018
Bone Rep,Bone Report,,9,2018
Front Cardiovasc Med,Frontiers In Cardiovascular Medicine,,9,2018
Mol Neuropsychiatry,Molecular Neuropsychiatry,,9,2018
J Nutr Intermed Metab,Journal of Nutrition & Intermediary Metabolism,,9,2018
JDR Clin Trans Res,JDR Clinical & Translational Research,,9,2018
Cell Mol Gastroenterol Hepatol,Cellular And Molecular Gastroenterology And Hepatology,,9,2018
Genet Mol Res,Genetics And Molecular Research,,4,2015
J Neurol,Journal Of Neurology,,1,2018
Pac Symp Biocomput,NA,,9,2018
Pflugers Arch,Pflugers Archiv-european Journal Of Physiology,,2,2018
Arch Dis Child Fetal Neonatal Ed,Archives Of Disease In Childhood-fetal And Neonatal Edition,,1,2018
Diabetes Metab Res Rev,Diabetes-metabolism Research And Reviews,,1,2018
Asian Pac J Cancer Prev,Asian Pacific Journal Of Cancer Prevention,,3,2014
J Assoc Res Otolaryngol,Journal Of The Association For Research In Otolaryngology,,1,2018
J Pers Med,Journal Of Personalized Medicine,,9,2018
J Neuroophthalmol,Journal Of Neuro-Ophthalmology,,2,2018
J Stud Alcohol Drugs,Journal Of Studies On Alcohol And Drugs,,2,2018
Wellcome Open Res,Wellcome Open Research,,9,2018
